file_name,link
double-lariat,https://youtu.be/TY5cj3IRJow
tell-your-world,https://youtu.be/4n94ukt15qg
machine-love,https://youtu.be/izToCCeLnNA
teto-territory,https://youtu.be/JALbemLw3G4
help-me-erinnnn,https://youtu.be/Nt7_FIB8rIA
chikyuu-saigo-no-kokuhaku-wo,https://youtu.be/Oqldli8oNwc
fun,https://youtu.be/ftxAonaizi4
happy-synthesizer-gumi,https://youtu.be/xOKplMgHxxA
happy-synthesizer,https://youtu.be/joXFKikr5Uo
happy-synthesizer-minoharu,https://youtu.be/E7WbV0hN4Rs
viva-happy-miku,https://youtu.be/WiUjG9fF3zw
viva-happy,https://youtu.be/V-dfXADCAbI
drop-pop-candy-rinluka,https://youtu.be/4sq2lPNxi7M
drop-pop-candy-reol,https://youtu.be/9eyyhtOrKPI
drop-pop-candy,https://youtu.be/_KTyqgMKfe0
motto,https://youtu.be/94r98Y1CsXg
shinjinrui,https://youtu.be/rKdwNw-d3MQ
jishou-mushoku,https://youtu.be/n7ZmBBf5-7g
tera-tera-inst,https://youtu.be/NbMTHxdjenw
tera-tera,https://youtu.be/4aPVZakmyX0
suresure,https://youtu.be/fH1UGMh480Q
gimme-gimme,https://youtu.be/ERo-sPa1a5g
miku-miku-nishite,https://youtu.be/HYxWRTPn9vM
firedance,https://youtu.be/DAx7DSiXEfQ
konton-boogie,https://youtu.be/aVXjUksitHU
needle-miku,https://youtu.be/buoYwfZG4vQ
needle,https://youtu.be/VLG4ItqUPRY
anti-you,https://youtu.be/oAfeKjOkzqo
kimi-no-yoru-wo-kure-inst,https://youtu.be/20FvjeTeP6Q
kimi-no-yoru-wo-kure,https://youtu.be/B9GlQOI6HKY
close-to-gray-ena,https://youtu.be/VsCfBIPgGu8
close-to-gray,https://youtu.be/tsjQM-oZon4
teo,https://youtu.be/Xpebs7gb9Jk
teo-inst,https://youtu.be/MEI3qei-aaw
empurple,https://youtu.be/TNkUdZlC71E
tenshi-no-clover,https://youtu.be/WxXf9iRNwYM
jumpin-over,https://youtu.be/hRSnoU1CqVU
ai-no-material,https://youtu.be/uz0QlZ6g1kA
loveka,https://youtu.be/qzpevsMlSeU
flos,https://youtu.be/IDqTx7vt1Zk
hibana-reloaded,https://youtu.be/i16qWEUjd4o
hibana-reloaded-miku,https://youtu.be/hxSg2Ioz3LM
one,https://youtu.be/Pe_14RziywM
positive-dance-time-hs3w,https://youtu.be/HBJ3HWq5c10
wahwah-world,https://youtu.be/LGZDBoNc7d4
wahwah-world-lenrin,https://youtu.be/okJ9Vk6owG8
cure-love-shot,https://youtu.be/LaEgpNBt-bQ
imaginary-love-story,https://youtu.be/VudoIo9i_w4
shoujo-rei,https://youtu.be/UoPx7M5pZxw
highlight,https://youtu.be/AYUNaQaDfa8
when-morning-glory-falls,https://youtu.be/kmxjltGN6tM
melancholic,https://youtu.be/TBVecP6BWPA
mkdr,https://youtu.be/IaYn-hp5Zo4
icedrop,https://youtu.be/t-VZct-x3fA
kyu-kurarin-h3,https://youtu.be/lRlznKLMA9E
tricologe,https://youtu.be/zDSMcsYJutE
lost-ones-weeping,https://youtu.be/U1aS62Juz70
kanade-tomosu-sora,https://youtu.be/7Fub9yGHmfw
cat-loving,https://youtu.be/8HW6tgNMGj8
blender,https://youtu.be/HuyNmunWMXA
if,https://youtu.be/JlE1-9hd3zY
odo,https://youtu.be/3rkLwnaq-e0
peachy-key,https://youtu.be/3U9zLyDvo4Q
yy,https://youtu.be/So9yL3p3Jos
traffic-jam,https://youtu.be/pG6qbjVMTQM
echo,https://youtu.be/ByKOyl3slzc
gehena,https://youtu.be/e8P2wLqvj1k
realize,https://youtu.be/VE10pcywp2o
purpose,https://youtu.be/9SBrrslVFfM
lag-train,https://youtu.be/LjVvjDKQXg8
cinema,https://youtu.be/EEbWRjavSVw
beat-eater,https://youtu.be/kMS6ASoHDm4
good-weather,https://youtu.be/By8E1fwi9hs
story,https://youtu.be/kTp_CStXDSE
twilight-melody,https://youtu.be/FtzVg9SZ9SQ
intergalactic-bound,https://youtu.be/jsQXgDZIIrY
parasol-cider,https://youtu.be/RkS-Mqw5m-Q
at-gods-mercy,https://youtu.be/SU5WVrzB82E
killer,https://youtu.be/BSi88nRijoA
blue-paint,https://youtu.be/a-Xnb5Iw6Is
journey,https://youtu.be/m__WcDdaF7k
kyo-fu-all-back,https://youtu.be/m98oseDMqD4
glow,https://youtu.be/zWt82GuwL2g
soudatta,https://youtu.be/gfdzYIPjhBU
whats-up-pop,https://youtu.be/pS31mdpYuh4
silver-collector,https://youtu.be/HKfzeTe2SCI
fake-heart,https://youtu.be/q2RQyrp6j_A
booo-wpt,https://youtu.be/Lfuew1ENMX0
dreamin-chuchu,https://youtu.be/pcYUebtNNzE
poppin-candy-fever,https://youtu.be/aruLJRyBE60
kimagure-mercy,https://youtu.be/PEZ73ofE2Kg
more-jump-more-inst,https://youtu.be/coDtBpe6kqw
lonely-universe,https://youtu.be/5T9guD86JXE
gunjou-sanka,https://youtu.be/G10Lgma6k9M
starry-sky-melody,https://youtu.be/UHa1gm6XSoA
tell-your-world-teto,https://youtu.be/54KdjHVeens
dj-nanmo-wakaran,https://youtu.be/n3eDU8KDOPE
watashi-wa-ame,https://youtu.be/zKJqVJd2O2w
sono-oto-ga-naru-nara,https://youtu.be/OusDa4IhILs
weigh-anchor,https://youtu.be/tZYDDYYNVVc
roki,https://youtu.be/V-7cDTePL8E
butcher-vanity,https://youtu.be/vjBFftpQxxM
boku-no-kamisama,https://youtu.be/Yap_untrXKc
all-i-need-are-things-i-like,https://youtu.be/lfZJLr4Q1f8
accelerate,https://youtu.be/b_EcPgJ7Fnk
jackpot-sad-girl,https://youtu.be/J9kD9rYR088
override,https://youtu.be/LLjfal8jCYI
time-machine,https://youtu.be/IXOXPQjQ9rc
waltz-of-the-deceased,https://youtu.be/y1Se2RXg8bQ
ussewa,https://youtu.be/Qp3b-RXtz4w
wrath-of-monoceros-caeli,https://youtu.be/m1JsBvHzWfY
fragile-fantasy,https://youtu.be/ApXm2ZsEywM
polumnia-omnia,https://youtu.be/NLEqRNhv6gs
freely-tomorrow,https://youtu.be/VTqQ6ZgjpNk
clone-clone,https://youtu.be/bmbAm-fKnbQ
shadow-shadow,https://youtu.be/nyTLvnO0snk
im-you,https://youtu.be/N4p1ohtD9JI
hitorinbo-envy,https://youtu.be/TOD99_42vfM
brand-new-day,https://youtu.be/2KrCmAWrrKI
otome-dissection,https://youtu.be/7zwCIz-Ohn4
bocca-della-verita,https://youtu.be/ZjNUJUgyoOw
idsmile,https://youtu.be/y1FX2_r1HAs
pentatonic-leoneed,https://youtu.be/NVTi1pRJAJw
pentatonic,https://youtu.be/NLgc1VyTNpk
booo-mmj,https://youtu.be/S9wXcIOHLyk
lavie,https://youtu.be/UIWUx4qG0cE
encore-dance-eng,https://youtu.be/uHr7gc5B4xY
encore-dance,https://youtu.be/5hgSET4bpbk
glow-guitar,https://youtu.be/xzapOash80U
no-whereabouts,https://youtu.be/r3hvFSOkO-Q
good-weather-ichika,https://youtu.be/SzYVxmeFfFs
sono-e-namae-wa,https://youtu.be/5u52uGdTnHk
redreaming-angel-inst,https://youtu.be/fKWmHoFMVyc
redreaming-angel,https://youtu.be/zeDsSQir8CM
yoasobi-idol,https://youtu.be/ZRtdQ81jPUQ
melt-cpk-miku,https://youtu.be/XRymkHlMB-k
happy-synthesizer-cpk,https://youtu.be/kcsWkLgOU74
ray-cpk,https://youtu.be/075raB27CW8
melt-cpk,https://youtu.be/G89IB2B6jFc
ray,https://youtu.be/YkP0JMByjRM
star,https://youtu.be/NSAILdVVOg8
neo,https://youtu.be/3lvrBZ4CB_g
gimme-more,https://youtu.be/7bC8xdanmiY
ama-no-jaku,https://youtu.be/_dsRNfz43IA
from-tokyo,https://youtu.be/tpc9wH_JPfk
from-tokyo-saki,https://youtu.be/7_w4ngmLEw0
mozaik-role-reloaded,https://youtu.be/1-ixgeLXCpw
heat-abnormal,https://youtu.be/Han5r8xiKRA
who,https://youtu.be/0GQ9R0NSGps
kibou-no-tsuki,https://youtu.be/hSknUP_PBb4
integral,https://youtu.be/QcirYOuivdQ
beyond-the-way,https://youtu.be/hHeMolgpogw
slowdowner,https://youtu.be/U14NFUfGR3w
when-first-love-ends,https://youtu.be/qe0AuS9swzY
brain-revolution-girl,https://youtu.be/ZaDaaI4xArM
transparent-palette,https://youtu.be/KVeBNkzn8bs
nihil-san,https://youtu.be/ACJyvx9XtAg
confession,https://youtu.be/seI5iSl0aFA
one-ichika,https://youtu.be/r9x1V_NsDLE
catharsis,https://youtu.be/ylRodv5mDDk
yoidore-shirazu,https://youtu.be/29Q-L-ydmIg
gunjou-sanka-leaders,https://youtu.be/SipTCZy8pyA
ultra-c,https://youtu.be/FdxinjBrQWI
kimi-ga-tobioriru-no-naraba,https://youtu.be/N522kBMyoCk
